CreditScore,Age,Balance,Salary,Exited
695,54,76302.46,137086.54,1
638,49,0,161744.6,1
708,41,201147.42,187223.06,1
787,34,0,13826.19,0
629,47,145594.07,39218.9,0
629,44,126871.68,178372.55,1
792,49,0,97118.53,0
719,46,156375.62,117272.22,0
608,50,69136.46,135975.17,1
699,35,0,139022.65,0
608,53,0,187030.68,1
608,42,115436.43,199420.39,0
672,61,77309.4,146829.92,1
478,33,205772.92,64572.03,0
495,57,0,177152.96,1
599,42,0,19351.97,1
559,33,115149.42,53905.36,0
678,35,0,180503.29,1
568,37,0,58676.39,0
523,44,0,51923.7,0
782,45,194485.27,36243.81,0
630,34,215688.54,173231.23,0
656,40,79155,105011.07,0
522,61,134967.65,138229.71,1
601,57,210186.91,55422.61,1
660,44,247373.33,154027.68,1
546,40,0,154401.05,0
684,41,93495.35,69393.62,1
596,46,49596.46,88029.7,0
624,30,122858.74,49841.15,0
596,37,185668.72,195546.59,0
817,23,123649.7,132664.49,0
649,44,0,187563.34,1
555,46,209719.37,67643.25,1
724,35,90989.54,158559.27,0
540,56,215088.87,155513.14,1
669,28,102294.4,141414.57,0
474,25,82730.04,193471.41,1
530,42,0,84775.51,1
668,50,190849.29,34836.29,1
716,57,0,137624.68,0
665,35,49908.38,148568.86,0
640,51,237909.76,119261.51,1
623,40,44697.42,49295.4,1
517,38,142364.1,105846.63,1
585,49,145249.3,69316.05,0
609,47,0,91218.64,1
745,24,161541.57,132591.53,0
681,55,0,151590.8,1
491,54,138612.9,54122.69,1
679,34,0,87011.82,0
615,44,0,61140.7,0
589,45,36164.66,47740.01,1
705,43,0,158843.57,1
743,34,47132.32,182758.01,1
734,33,70382.12,80344.12,0
574,40,0,152743,1
622,52,46526.61,180429.1,1
680,45,0,170763.6,0
738,36,0,44734.54,0
607,48,231853.82,191695.46,1
633,18,0,81568.52,0
550,51,143243.86,74455.73,1
542,23,0,21861.95,0
723,36,0,102372.99,0
772,29,199635.33,30712.59,1
644,27,92480.29,57222.57,0
740,52,0,70219.1,0
683,35,139639.44,163677,0
592,43,0,176342.84,1
683,40,199185.67,67468.6,1
788,45,44605.66,173152.64,1
647,41,168518.39,172873.88,1
791,27,55905.56,155283.68,0
414,50,55333.68,37872.07,1
724,35,218643.87,141161.34,0
658,24,63167.57,189554.57,1
623,36,66548.59,139682.69,0
658,55,0,73007.2,1
471,49,217796.59,105110.07,1
630,37,198356.11,132687.76,1
682,37,157204.9,107008.38,1
783,37,187816.18,32791.06,0
603,61,38860.09,69292.17,1
577,44,0,162455.25,1
605,44,0,173669.43,1
732,50,24350.36,36087.01,1
680,42,122046.49,190953.48,1
602,37,230264.17,72476.3,1
696,38,10974.72,135839.61,0
659,39,73573.77,152846.78,1
737,40,52677.69,164269.78,1
587,47,0,189692.44,1
621,41,0,69454.71,0
615,47,117549.19,173116.23,1
518,39,117108.55,35020.51,1
677,41,0,143957.77,0
673,20,39468.56,150975.77,0
650,49,122329.07,138767.42,1
629,43,108066.32,57939.8,0
523,50,149630.76,175878.2,1
612,18,249889.87,42083.11,0
619,61,0,20190.61,1
578,39,100068.56,146318.35,0
635,51,207060.71,100340.39,1
686,30,0,171328.62,0
820,46,8585.46,82845.46,1
666,29,51907.64,41972.93,1
673,34,85762.48,168924.02,0
643,59,128134.61,114292.83,0
477,38,0,45947.2,0
648,42,227740.82,146872.96,1
655,49,127953.65,107111.59,1
850,45,125817.64,124819.47,1
633,42,0,97570.68,0
677,44,9692.98,167454.71,0
647,64,138238.83,167616.92,1
545,39,0,144783.88,0
753,42,0,30026.26,0
718,51,41009.22,169382.23,0
721,51,7217.94,137492.47,1
568,52,112810.65,142434.59,1
776,46,60132.16,78966.74,0
524,29,13353.98,177063.12,1
703,56,181424.97,147820.6,1
847,29,0,31392.19,0
561,43,152471.56,87477.83,0
599,32,0,178412.27,1
659,39,44200.52,18967.37,0
605,43,0,192669.16,1
510,43,0,139040.89,0
656,44,98631.3,129961.44,1
554,56,0,61406.26,1
693,45,32246.09,57270.44,1
567,38,0,188991.06,0
789,50,59996.4,66671.77,1
580,52,169670.89,157346.01,1
621,28,0,84693.14,0
723,46,0,36458.27,0
539,47,97443.31,12035.91,0
670,37,17475.13,113408.89,1
768,54,5769.72,195397.98,0
505,38,206887.78,80135.88,1
667,41,131659.17,77866.54,1
673,38,0,75377.41,0
720,40,59371.97,108903.33,0
539,29,86925.85,93726.33,0
531,26,8495.86,177183.78,1
697,56,240411.59,106048.95,1
677,32,167299.11,106473.99,1
673,30,233368.07,36290.6,0
681,18,67108.61,196720.51,0
589,34,153254.44,57494.85,1
671,27,169946.49,23939.17,1
676,56,0,135997.79,1
586,50,0,123119.61,1
818,33,236843.2,88877.67,0
693,63,221328.92,90216.52,1
543,50,0,159162.14,0
709,37,0,47185.4,1
562,18,0,165848.13,0
721,63,0,133261.95,0
754,26,3560.84,89604.26,1
576,24,179296.44,97025.44,0
737,50,176855.29,58762.97,1
687,64,156049.7,152901.72,0
724,54,0,107446.2,0
821,46,0,70962.36,1
628,46,85652.99,123249.52,1
582,49,20655.91,199189.55,1
570,48,111256.74,92699.83,1
577,43,0,184931.37,1
643,41,86503.29,75553.2,1
681,39,208808.38,20399.21,1
675,32,233935.64,48806,0
724,37,47247.53,89552.08,1
651,23,93754.72,51730.64,1
781,39,232229.01,10043.14,0
626,30,0,183850.29,1
850,29,0,170337.09,1
706,42,0,151035.52,1
573,54,149208,41884.77,0
554,49,38467.6,32869.08,0
693,24,242051.02,22844.9,1
630,30,0,147565.55,0
714,49,125877.97,186473.51,1
693,30,62418,91801.81,0
643,38,118269.1,32636.73,0
574,46,165816.49,107354.64,1
514,30,188043.11,76278.06,1
610,41,188713.15,81216.74,1
727,27,0,128052.82,0
669,34,226185.58,146556.44,0
538,43,0,31014.68,1
666,24,0,16762.14,0
685,44,0,198922.76,0
570,40,2712.61,54218.39,1
664,46,53899.37,20227.8,0
655,42,166217.37,46076.31,0
547,54,0,17401.99,0
682,41,101199.16,84444.07,0
700,36,221262.14,162456.34,0
747,41,223995.15,74836.45,1
745,45,227384.64,94394.85,0
526,40,0,138361.49,1
566,40,173072.9,106689.87,0
696,33,68636.66,173674.68,0
696,33,0,174546.78,0
696,26,46973.48,11883.03,0
850,57,86184.8,157828.8,1
701,28,108059.45,97539.38,0
752,33,0,197879.7,0
736,33,0,101814.09,0
709,49,0,197510.23,0
622,37,133332.27,153368.18,0
718,52,72698.39,57234.93,1
580,33,0,112295.05,0
629,43,75685.58,198505.77,0
606,32,149424.41,172930.82,1
657,61,0,28499.71,1
850,28,41936.98,144210.68,0
482,43,30029.19,75660.12,0
712,46,0,11326.63,0
505,44,0,86661.38,0
608,38,86645.46,54603.34,1
748,39,183517.03,165585.16,0
656,40,165006.68,74092.82,1
553,39,232957.17,167229.5,1
586,50,0,10113.61,1
711,62,0,68485.64,1
584,34,164600.59,55821.39,0
669,26,0,54377.8,1
654,39,0,22955.46,0
591,66,82371.88,45553.61,1
843,32,3691.96,115554.42,0
707,56,206811.22,65358.6,1
468,57,200444.19,89305.01,1
667,34,0,81604.71,0
590,46,144637.49,176421.94,1
727,56,0,182006.81,0
579,36,30558.56,103661.82,0
640,38,245161.49,72729.63,1
695,34,54459.28,30292.13,1
728,30,17741.31,191146.55,0
542,34,149117,21443.12,0
620,28,0,66553.55,0
607,40,9078.42,66632.58,1
591,32,165020.69,70876.24,0
809,42,0,41214.5,1
686,24,26712.99,158800.67,0
537,43,43958.45,33274.59,0
733,48,0,130632.27,1
841,20,74793.05,33530.75,0
743,44,234640.62,23401.77,1
513,52,204866.32,182791.61,1
606,28,245908.23,46124.47,0
764,57,65658.04,166037.53,1
586,44,242461.18,113479.87,1
690,33,108377.23,24792.74,1
720,39,0,191535.16,0
567,46,13537.03,56922.62,1
645,41,14138.55,173332.62,1
358,45,0,42073.9,1
558,31,115024.32,172249.15,0
627,42,57403.88,12513.47,0
538,26,0,107238.29,1
797,39,63961.67,156194.09,1
521,31,144830.31,187611.15,1
610,33,90442.98,182748.41,1
662,52,0,165728.73,1
780,51,0,178756.36,0
521,46,119860.25,47851.74,1
755,29,88353.96,63995.02,0
651,37,0,64904.02,0
562,52,201622.92,81640.25,1
692,41,0,84730.93,0
668,63,53055.78,113465.51,1
596,44,22087.4,40377.16,1
656,42,117206.59,141336.87,0
615,37,0,41837.64,1
660,41,210386.27,68958.61,1
710,38,0,105635.57,0
793,47,95866.83,161323.71,0
539,50,202293.03,150499.15,1
842,32,0,132651.53,0
474,27,0,39596.92,1
636,22,115321.88,113938.62,0
703,45,76518.19,26614.84,0
675,29,233206.16,81699,0
594,18,0,88568.14,0
631,44,233503.61,17564.17,1
606,65,171282.75,62057.74,1
597,40,133361.47,191573.4,1
726,48,9132.11,191190.2,1
682,41,119423.45,76942.14,1
588,39,102529.28,18189.02,1
731,49,41143.48,44028.04,0
678,37,164445.99,84521.38,1
723,43,242816.58,190078.14,1
707,43,0,36827.82,0
575,33,178973.57,155068.01,1
600,50,18044.16,30649.68,1
717,38,104999.08,196438.94,1
705,32,0,82507.13,0
648,45,0,157294.56,0
661,31,234682.06,75092.31,0
765,40,0,129257.09,0
597,40,20123.96,46483.06,0
699,51,0,37743.99,1
632,45,0,188232.19,1
630,40,0,184352.98,1
749,48,0,178619.1,0
724,54,203853.08,128832.36,1
723,46,0,163570.96,0
767,40,93991.03,23117.02,1
652,27,64578.76,73609.92,0
711,29,27362.71,69603.59,0
622,37,89369.52,130772.61,1
679,34,103879.96,77631.98,0
638,38,169279.91,38216.29,1
659,41,0,123328.74,0
704,45,18456.93,164732.94,0
576,39,99419.57,82603.46,1
838,45,46262.94,35131.06,1
559,41,40046.36,47370.76,0
541,20,206998.24,55121.83,0
754,31,11436.89,66980.54,0
721,39,105376.54,132131.06,1
706,28,42882.71,124179.64,0
707,46,0,142255.17,0
649,55,139703.09,78875.38,1
569,52,0,166559.55,1
657,38,126104.39,48776.66,1
589,55,183140.1,99117.74,1
738,41,0,162178.36,1
637,37,0,44230.14,0
576,34,0,30873.99,1
621,37,233641.72,177899.95,1
687,36,229188.72,75156.64,0
599,42,159218.17,139935.32,0
576,42,157825.34,14816.23,0
672,40,101399.45,141108.91,1
672,44,188347.07,70059.25,0
604,52,133292.21,20590.76,1
608,49,169682.08,125864.42,1
671,25,107686.02,55752.73,1
520,18,0,83493.38,0
523,49,206293.41,25310.35,1
585,26,37462.63,37961.02,0
631,38,0,66615.67,1
678,28,135533.84,27054.31,0
783,22,0,183056.99,0
727,45,0,11148.94,0
636,48,95381.08,101933.44,1
648,34,0,33417.02,1
560,18,63541.15,68459.03,0
648,35,211208.87,185951.32,1
624,44,0,40721.97,0
679,25,129009.77,193508.14,0
576,42,0,49100.93,0
697,40,143687.51,150897.56,1
788,46,81977.59,113868.68,1
640,41,0,178050.96,1
686,30,0,115258.72,0
712,52,2588.38,111566.25,0
614,38,244610.34,47137.02,1
670,40,0,41583.58,0
651,31,99393.67,184132.94,1
659,36,182364.34,72289.26,0
580,31,87105.72,80695.63,0
652,38,168102.2,154366.5,1
695,57,201552.08,74376.46,1
781,26,236742.3,190891.86,1
736,24,100652.86,150206.28,0
844,55,196041.2,123511.56,1
581,38,0,177370.08,0
729,33,247592.74,19425.12,1
667,50,7416.63,58841.91,0
847,34,151278.67,98356.9,0
577,58,165216.99,53125.92,1
574,47,172323.34,151341.99,1
596,35,30976.51,184649.53,0
459,62,234693.92,90516.32,1
603,34,46114.64,75005.19,1
582,47,0,192694.64,1
664,43,56446.34,94521.96,0
681,53,77496.89,102919.2,1
819,56,0,76813.48,0
736,40,104881.16,182814.21,0
598,32,40896.17,118101.54,1
569,45,43563.16,154813.17,1
694,33,0,164243.28,1
531,60,0,74951.32,1
815,41,224593.2,92401.92,1
756,36,0,171209.64,1
608,42,98882.87,79018.52,0
496,27,25961.15,160847.68,0
772,30,0,188788.54,0
640,52,165767.95,128409.97,1
761,33,151009.91,150909.18,1
507,30,41591.76,162968.49,0
596,45,59219.4,170557.53,0
650,52,6903.23,85060.13,1
654,47,208901.85,19740.06,1
609,50,243697.96,86356.49,0
706,32,34729.42,138013.68,0
554,26,58637.33,95566.57,1
637,55,217233.97,152303,1
661,37,231689.49,77826.66,1
696,37,105487.22,130601.39,1
714,53,0,45419.76,0
549,46,10808.57,152380.19,0
512,45,0,113682.23,1
765,62,98830.88,48772.23,0
680,34,8134.45,65463.12,0
583,49,146229.85,152235.65,0
790,41,3814.33,101694.23,0
660,43,197055.62,51045.97,0
756,55,77301.77,193781.53,0
656,45,11024.24,145873.75,1
835,45,147499.7,191855.62,0
808,51,100023.42,91149.96,0
628,36,243476.3,100269.06,0
737,32,0,180611.49,1
708,30,69534.56,109759.37,0
773,20,177650.28,144382.99,0
563,61,68601.51,57912.85,1
712,29,0,94878.03,0
745,38,94305.77,33455.47,1
492,37,0,49136.21,1
544,43,13592.7,10179.25,1
466,48,107104.19,17460.36,1
626,49,208258.52,195683.93,1
715,34,0,56047.2,1
785,38,56855.32,136029.03,0
657,43,57293.69,169428.94,1
797,38,204509.02,114625.49,1
526,56,232669.21,39097.46,1
497,45,0,148342.12,1
645,47,113064.6,124047.77,0
685,47,85026.12,148937.61,0
647,52,217801.43,156251.86,0
464,42,0,195327.97,1
642,27,53570.36,118977.02,0
533,44,188364.62,74911.81,1
710,33,13772.17,133208.27,0
683,35,0,23003.73,1
565,46,111084.65,180505.49,1
604,52,0,32682.39,1
555,40,99248.51,72290.14,0
644,43,0,164991.62,1
736,57,41180.47,123489.35,1
561,42,143426.97,84790.75,1
695,66,201552.65,99952.78,1
602,46,0,172364,0
579,22,39321.08,74600.83,0
640,48,38163.12,175233.44,1
557,44,67775.42,26745.54,0
600,53,90907.61,157591.7,1
542,47,0,171034.05,1
827,39,170244.61,44545.35,0
653,28,0,91765.84,1
587,38,9633.5,41444.96,0
669,31,0,144254.78,0
640,34,174593.76,111716.08,0
630,46,49165.4,130711.44,1
705,57,160734.62,47332.52,1
718,44,65697.21,50231.71,0
602,28,221635.44,17884.49,1
598,44,224026.8,71192.83,1
625,52,0,116351.49,1
443,34,58268.44,173007.63,1
514,39,0,136716.22,1
773,40,60892.36,92725.3,0
798,32,168423.58,191092.82,0
628,46,206690.11,146656.59,1
702,39,0,186731.39,1
678,44,206263.26,110241.71,1
850,31,99851.05,59191.81,0
751,36,39922.93,20037.07,1
638,47,184749.79,147956.12,0
564,36,90758.15,33047.57,1
505,57,0,67527.27,1
668,36,68390.34,111169.47,1
582,42,21226.18,117239.15,0
522,49,0,124110.81,1
592,26,0,41588.51,0
553,22,0,82150.11,1
802,25,244342.7,127266.9,0
729,53,198660.71,194265.58,0
649,34,0,148249.92,1
783,66,144873.96,185294.71,0
657,34,0,154820.29,0
572,42,73070.44,122426.22,1
787,55,0,46484.44,1
699,60,155228.1,136670.27,1
557,61,103386.43,128442.12,1
633,52,107444.13,124469.14,0
571,50,83240.88,103059.31,1
526,46,141493.72,110444.75,1
733,48,212793.06,73544.08,0
822,34,0,108669.41,0
524,32,0,47535.62,1
701,40,172582.83,162983.14,0
591,38,0,45297.62,0
606,35,0,26143.6,1
597,47,195099.66,92886.75,0
572,50,5033.9,135078.41,1
654,41,204776.73,93166.2,1
575,55,0,62583.29,1
674,29,0,116052.52,0
645,38,247998.72,75930.44,0
628,33,0,187244.86,0
568,21,0,185302.58,0
598,39,191575.48,105450.65,1
718,39,64003.56,72297.96,0
695,55,216525.03,150055.16,1
562,46,0,16975.46,0
659,30,0,100206.11,0
718,59,244808.74,73901.44,1
500,52,0,184901.82,1
699,46,211874.92,12280.58,1
590,38,81758.01,115034.83,0
701,30,169444.45,150726.08,1
581,36,148966.21,102153.42,1
488,51,0,26226.58,1
504,59,170950.58,194767.66,1
654,55,144264.43,108421.98,1
673,35,107836.53,126695.39,1
569,29,0,54955.86,0
707,41,0,101864.64,0
500,22,57341.84,91538.4,1
644,43,173396.22,24230.21,1
541,39,59099.87,30170.47,0
591,35,0,169119.78,1
654,24,187022.49,55565.79,1
573,45,55459.76,47042.07,1
615,35,15925.88,105933.18,1
741,28,33612.46,156061.95,0
598,18,0,21769.84,1
725,40,212512.16,119593.5,0
548,58,0,32649.98,1
698,57,183803.66,16927.6,1
780,35,85988.34,20021.35,0
428,34,120153.56,168491.18,1
578,45,232286.03,32414.77,1
702,30,0,18578.76,1
632,43,116868.9,93200.98,0
683,48,4406.92,170358.76,1
596,52,0,59857.59,0
658,39,0,90125.4,1
636,38,7935.21,17585.28,0
755,31,0,95324.92,0
673,32,107173.19,119746.49,0
680,38,137488.16,118472.34,1
613,44,44487.15,73161.07,0
606,49,0,69951.3,1
611,32,166292.29,30258.49,1
686,55,241360.38,79691.68,1
612,37,0,28903.99,1
676,40,222705.7,155653.23,1
837,33,144643.42,193592.12,0
728,18,141415.97,194314.15,0
621,49,0,174363.51,1
758,47,18279.13,124150.51,0
613,37,0,143164.48,0
467,41,0,64189.1,1
559,45,85898.68,129846.38,0
482,24,229399.75,96573.41,0
618,35,0,101583.29,0
652,48,0,153977.55,1
801,27,0,63564.49,0
679,43,0,70427.53,1
630,26,0,185681.94,1
725,45,0,20682.62,1
451,40,225165.76,102270.52,0
671,24,198255.61,183432.15,0
719,52,169413.91,125968.97,0
517,33,170228.66,113817.34,1
753,32,0,57451.39,0
680,42,74660.2,75222.34,1
613,51,1276.91,171889.2,1
707,30,68716.69,116251.45,0
850,41,55254.95,107801.02,0
666,44,165796.81,28920.15,1
672,47,158794.19,13045.35,1
609,42,0,193100.19,1
574,36,5044.62,81627.37,1
725,32,182465.74,124610.48,1
573,41,81559.07,25145.86,0
656,29,166598.94,139791.71,0
607,18,0,187187.67,0
693,44,86340,119376.4,1
680,49,34509.49,33961.91,1
743,18,24510.31,120527.09,1
604,30,208048.06,155605.97,0
626,46,0,87219.14,0
562,61,162797.22,177169.17,1
610,40,26755.09,133249.76,1
684,33,101104.78,180857.29,0
718,38,182505.86,128466.01,0
567,54,195175.4,34944.71,0
728,34,30436.44,68841.43,0
772,32,0,48341.04,0
687,35,178322.12,182677.03,1
819,30,89792.45,154476.01,1
580,41,64365.85,138515.69,1
538,56,4211.47,67183.6,1
490,43,135534.55,44968.51,1
785,37,0,153725.71,0
709,37,239450.28,100090.01,1
645,24,0,52900.01,0
675,49,129100.87,127158.18,1
549,39,0,17663.43,1
850,38,137669.33,71972.35,1
662,72,95614.79,99025.83,1
660,43,0,38112.08,1
715,32,97792.86,197084.35,0
693,36,60834.48,49728.5,1
670,51,0,34767.09,0
579,41,79414.69,48671.63,1
692,26,25064.56,156121.62,1
819,49,45047.34,90846.08,1
771,33,0,117429.03,0
793,59,0,13991.74,1
604,51,0,16541.95,0
561,36,0,94706.85,1
639,53,0,165164.5,1
655,41,146095.9,178195.39,1
748,49,203305.98,26474.25,1
498,45,82408.32,112288.99,1
788,32,77130.25,183513.64,0
636,34,0,83714.82,0
612,50,0,167617.51,1
559,37,170865.73,35402.17,1
501,36,0,187724.95,0
724,30,34169.27,152770.43,1
657,44,158466.67,188853.53,0
534,61,32953.14,138557.27,1
533,29,145044.63,79046.75,1
620,40,173662.11,188254.42,1
800,54,175452.26,62357.69,1
627,39,188614.56,73112.78,0
515,45,218342,143153.6,1
628,29,125489.79,155410.1,0
625,44,182832.05,186586.66,0
407,38,155174.01,48912.46,1
645,50,47473.35,161619.63,1
629,52,7396.72,150323.75,1
713,66,71850.81,22120.97,0
816,46,0,83572.4,1
751,43,154659.38,63725.44,1
626,42,212639.87,67853.18,0
550,36,49865.18,196759.91,1
850,43,0,132127.71,0
655,37,240906.51,146358.47,0
651,42,27903.1,195557.35,1
648,53,120144.28,81668.34,0
668,30,146805.37,162349.63,1
637,51,135802.23,92560.88,1
598,53,22422.01,175211.4,1
601,39,15199.7,44324.93,1
647,19,0,190060.37,0
601,34,146811.33,51566.62,1
586,53,0,71981.9,1
660,40,59201.46,153676.52,1
627,30,0,84813.48,0
785,35,0,125560.16,0
411,48,0,94468.97,1
748,45,0,151050.29,1
762,38,172638.29,53382.94,1
463,36,63825.67,21107.02,1
619,36,77634.96,66986.59,0
617,31,0,100118.65,0
523,56,0,41923.81,1
580,37,0,77411.49,1
550,52,0,85996.77,1
808,55,182825.21,20904.45,1
734,50,0,120828.38,1
764,36,160600.42,178025.25,0
715,44,0,38831.15,0
548,40,0,123583.52,1
603,31,175732.83,136300.45,0
694,43,139559.69,89673.59,0
540,28,0,143208.54,0
714,52,0,88038.99,1
628,35,6212.6,105881.08,1
616,42,0,11397.08,0
714,43,0,141426.82,0
690,37,191865.3,135655.11,0
618,46,175824.76,17296.17,0
754,35,83506.7,79967.52,0
553,49,169240.06,196016.05,0
705,27,99588.37,89939.95,1
703,41,189307.19,105369.63,1
622,59,114091.73,182886.73,1
679,30,103657.65,146279.76,0
537,33,0,120593.32,0
733,45,63468.9,161582.89,1
633,42,30991.39,174229.59,0
603,44,146551.24,96808.73,0
744,45,242361.13,100270.59,1
587,46,95081.96,83349.68,1
523,51,0,193674.17,1
510,44,85487.01,142461.59,1
705,38,0,25812.38,1
535,47,41318.83,173962.33,1
808,59,0,101306.39,1
463,39,249439.6,23063.24,1
803,30,0,114446.28,0
669,51,89327.41,89261.21,0
641,39,100775.34,176772.39,1
601,18,0,48758.97,1
686,48,220935.13,167028.28,0
647,35,104291.59,115960.85,1
749,39,0,20375.96,0
660,43,165262.88,194650.61,0
664,42,0,107396.9,0
617,47,162410.13,65266.6,0
645,36,16300.13,99187.3,1
678,45,203617.11,172992.98,1
496,37,235185.48,67931.59,1
529,47,0,46608.52,1
717,46,0,34523.54,0
665,31,38706.65,66593.29,1
633,51,119876.63,158209.14,1
652,35,150849.88,99609.01,0
681,48,145852.43,53221.5,1
601,44,100963.98,41575.15,1
580,58,85183.02,73218.6,1
668,38,32579.18,188585.63,0
562,37,98543.87,75175.08,1
687,40,41502.54,197743.57,0
497,37,0,102193.79,1
743,48,52998.9,44041.14,0
693,24,15582.76,179316.62,0
673,29,138539.17,97467.52,1
738,29,0,144837.56,0
800,50,218106.35,196905.2,0
741,57,144668.42,19533.32,1
484,39,87024.73,28371.97,0
535,38,0,146886.78,1
594,41,0,63546.75,1
652,52,20740.79,45017.27,1
697,31,141896.79,17478.76,0
585,42,227096.62,14150.88,1
667,50,99681.84,157152.26,0
582,45,0,35542.35,0
595,42,36723.89,98866.92,1
523,50,0,125120.39,1
567,18,108760.1,91386.84,0
528,47,149324.28,15150.26,1
562,33,21073.24,158865.29,0
745,22,234952.58,11997.51,0
565,45,189028.27,154759.08,1
850,54,147069.36,179727.85,0
694,39,0,92239.59,1
667,50,20966.5,111753.07,1
573,56,119732.88,100626.84,1
713,53,0,83949.64,1
598,56,207334.57,178610.66,1
661,47,196083.92,179847.37,0
850,41,69990.24,73805.11,0
641,24,235279.16,126863.25,0
753,38,31962.11,186112.44,0
587,32,0,192791.11,1
647,62,0,106702.22,1
809,38,45111.23,96036.71,0
594,41,180794.45,62951.92,0
813,46,0,192185.66,0
714,40,101950.28,37134.72,0
599,57,129554.54,120167.62,1
707,34,145580.66,63684.55,0
738,42,0,63011.58,0
706,33,168390.42,86944.03,0
509,27,120838.21,199770.66,1
585,34,202609.08,20443.6,1
628,40,237682.67,119922.95,1
643,36,6494.47,25688.71,0
706,33,245647.8,39358.96,1
666,26,0,93516.96,0
530,39,203782.31,106987.42,1
684,25,70803.35,59170.56,1
705,48,33912.73,70126.85,0
700,41,0,26523.73,0
747,25,0,67611.76,0
725,37,95857.01,193646.1,1
691,32,14586.79,189494.4,0
644,43,150265.82,73626.88,1
501,53,225698.42,118462.25,1
689,21,96420.63,182823.12,0
669,41,54866.86,11174.93,1
674,38,111201.76,164029.88,1
535,47,13042.32,190190.22,1
553,42,205301.41,27351.89,1
745,32,0,40675.06,0
646,37,147412.12,192541.8,1
711,32,88922.62,112132.63,1
653,51,0,12697.36,1
653,40,0,58950.08,0
734,59,206657.14,95489.3,1
604,39,0,141652.69,0
659,33,0,149300.47,1
608,25,150042.19,199130.09,0
611,22,104121.13,64627.13,1
622,24,239528.52,112261.82,0
670,43,0,111331.47,0
607,45,0,87072.6,0
763,24,55901.42,42140.76,0
569,49,156787.05,195716.75,1
633,35,143330.3,172130.27,0
610,41,47024.76,104683.28,0
780,56,15837.19,124616.63,1
668,49,0,53179.6,1
743,37,191159.38,113319.54,1
516,31,0,142044.33,1
674,18,57466.38,107881.74,0
730,33,166963.97,198154.18,0
657,38,20946.33,126154.91,1
746,30,0,80485.01,1
603,39,0,156708.89,0
777,41,46930.3,42387.88,0
850,38,0,83058,0
617,33,97290.06,75922.2,1
610,42,0,92043.35,0
781,44,100050.57,158538.17,0
792,29,128415.15,101992.88,1
603,54,121340.28,160862.75,1
612,39,96313.24,119532.89,0
625,40,0,74993.19,0
529,47,0,163895.96,0
567,42,126918.49,55275.04,0
560,50,16448.31,52632.77,1
581,43,18717.76,105855.56,1
647,34,0,59561.36,1
671,44,0,11726.54,1
790,29,0,133176.53,0
560,41,139910.55,107107.83,1
739,40,0,94648.38,0
631,38,13125.02,193724.02,0
646,39,0,118527.84,1
711,21,11972.4,174052,0
549,35,47133.94,36495.54,1
684,41,135776.26,118149.23,1
665,42,161747.47,174916.13,0
694,30,12350.7,120790.09,0
676,53,236546.75,146422.69,0
850,31,210699.18,80688.28,1
593,50,74856.51,27565.41,1
602,44,20219.7,97001.06,1
594,34,0,84951.08,1
600,58,32609.16,174741.43,0
593,28,0,56359.11,0
757,49,0,193679.5,0
778,50,62216.01,192046.24,1
599,33,90176.79,57050.01,0
575,54,247386.83,76129.87,1
692,37,171394.25,180155.59,0
600,43,237296.19,193658.22,1
707,43,36496.58,94253.43,1
668,39,0,70989.44,0
514,48,0,109957.86,0
789,48,20112.76,140676.15,1
812,23,0,61960.16,0
595,53,0,149929.9,0
615,23,160813.06,19814.9,1
676,50,103286.41,19365.95,1
680,51,122921.37,83394.66,1
709,29,104445.31,77159.91,0
831,36,6977.26,69970.31,0
634,29,0,103293.75,0
578,38,0,70939.38,1
526,37,25507.62,46529,0
584,48,239223.39,68799.21,1
647,53,150240.57,195231.81,1
812,54,0,88111.55,1
603,34,79525.57,94495.43,1
670,38,98893.64,119543.55,1
649,23,59994.07,196834.75,0
757,32,25144.45,55904.24,0
850,50,45578.88,139443.6,1
602,56,199581,146037.09,1
606,28,169708.91,125391.64,0
744,34,137185.29,26829.88,0
711,40,119297.38,138605.73,0
816,43,230686.14,22178,1
703,32,19111,123267.1,0
618,44,70869.6,150520.42,1
703,35,0,50084.28,0
750,40,195824.03,169908.18,1
724,45,248136.14,15767.22,1
696,40,60926.96,170324.44,0
746,36,218702.53,97462.52,1
755,39,207825.07,51341.71,1
774,39,0,35417.85,0
708,36,100433.81,191128.36,1
635,37,103008.54,23806.46,0
663,56,244576.95,47827.75,1
759,46,46042.08,76086.25,0
576,37,199990.33,127844.62,1
683,47,84213.99,113512.21,1
615,37,0,33872.26,0
653,52,105582.74,65048.32,0
765,44,145011.58,55362.84,0
667,39,208320.33,50573.14,1
654,44,201237.23,88117.42,1
528,24,216739.37,143765.98,0
717,29,0,51316.06,1
708,28,173320.59,79668.99,0
845,41,35856.86,84274.31,0
622,57,104538.82,195526.74,1
670,62,137598.52,191386.61,1
672,46,0,162026.14,1
792,45,0,55915.19,0
641,22,249135.05,22927.09,0
675,35,34669.11,70211.79,1
705,32,0,60690.96,0
667,34,99604.24,106125.9,1
610,38,34119.44,157768.3,0
667,35,40525.45,173081.36,1
747,20,237369,170524.18,0
558,47,0,78338.36,0
662,29,0,140574.53,0
587,42,247891.66,69438.5,0
758,61,52870.53,21572.05,1
513,31,89504.4,143297.4,0
600,18,167635.54,11867.23,0
684,37,121466.83,87744.69,0
791,51,105178.99,72582.06,1
644,60,90095,141741.73,1
600,28,148851.38,155586.64,0
819,45,144322.76,67777.98,1
520,35,0,164209.13,0
452,39,118463.22,65844.18,1
690,66,0,94802.01,1
605,25,143001.45,148133.52,1
558,43,53316.69,141654.84,1
714,45,185825.58,197600.01,1
672,51,7274.57,52780.59,0
599,41,0,135840.4,1
535,43,0,125839.56,1
729,36,141409.34,183868.71,0
709,43,0,39708.81,0
641,37,174043.33,152841.65,1
816,46,142280.35,117971.04,1
554,36,199264.66,62186.52,1
513,44,184021.27,100142.63,0
588,40,0,73417.55,1
646,51,122556.24,120069.55,1
672,39,34162.35,178910.12,1
628,22,0,118167.95,1
682,53,105355.77,130027.26,0
537,31,0,108562.09,1
780,33,128913.26,19721.45,1
643,34,72757.95,54243.13,0
751,54,0,103480.33,1
681,19,124563.57,68944.7,1
691,71,72120.87,44535.08,1
701,51,183917.47,105785.24,0
690,42,6962.62,71333.86,0
708,39,146622.13,59040.45,0
770,43,0,98157.23,0
668,45,44427.91,35324.01,1
714,46,0,186271.69,0
642,46,23764.08,174863.4,0
780,41,156794.8,144447.91,0
589,38,138082.39,30180.63,1
812,38,102434.02,157416.68,1
646,38,0,163511.89,0
521,51,224247.09,155875.28,1
662,46,0,31653.52,0
589,18,0,132342.51,1
726,47,0,168521.71,1
591,42,144702.15,119697.15,1
610,40,0,132817.4,0
480,36,0,97089.06,1
609,51,0,110454.39,1
432,49,0,16531.6,0
507,32,187715.12,131402.97,1
718,44,228347.33,25474.97,0
721,30,143458.62,92652.77,1
688,26,46015.5,65604.47,0
563,34,0,113631.31,0
646,49,50462.5,35349.1,0
650,50,62467.4,141412.25,0
546,45,0,161052.19,1
785,47,0,41037.35,1
729,45,0,29819.49,1
630,34,0,37647.94,0
652,44,154239.77,176654.24,0
669,48,21312.16,110355.96,1
466,48,0,98779.59,1
628,52,0,30275.25,1
589,47,130001.3,133415.64,0
560,44,0,174919.92,0
625,51,71537.82,167355.32,1
812,40,100677.9,128950.39,0
708,31,0,24302.96,1
599,38,0,31355.44,0
702,33,162695.33,19368.71,0
